{"count":1,"self":399.14631679999997,"total":1083.1202759999999,"children":{"InitializeActuators":{"count":20,"self":0.001162,"total":0.001162,"children":null},"InitializeSensors":{"count":20,"self":0.001178,"total":0.001178,"children":null},"AgentSendState":{"count":219101,"self":41.6988352,"total":50.021623,"children":{"CollectObservations":{"count":876420,"self":0.27135899999999996,"total":0.27135899999999996,"children":null},"WriteActionMask":{"count":876420,"self":0.301682,"total":0.301682,"children":null},"RequestDecision":{"count":876420,"self":1.453401,"total":7.7497469999999993,"children":{"AgentInfo.ToProto":{"count":876420,"self":1.4263919999999999,"total":6.296346,"children":{"GenerateSensorData":{"count":876420,"self":4.0356032,"total":4.869954,"children":{"RayPerceptionSensor.Perceive":{"count":876420,"self":0.834351,"total":0.834351,"children":null}}}}}}}}},"DecideAction":{"count":219101,"self":624.16512,"total":624.165095,"children":null},"AgentAct":{"count":219101,"self":9.6853696,"total":9.6854269999999989,"children":{"AgentInfo.ToProto":{"count":4,"self":1.9999999999999998E-05,"total":5.6999999999999996E-05,"children":{"GenerateSensorData":{"count":4,"self":3.2E-05,"total":3.7E-05,"children":{"RayPerceptionSensor.Perceive":{"count":4,"self":4.9999999999999996E-06,"total":4.9999999999999996E-06,"children":null}}}}}}},"AgentInfo.ToProto":{"count":8463,"self":0.027333999999999997,"total":0.099445999999999993,"children":{"GenerateSensorData":{"count":8463,"self":0.060229,"total":0.072112,"children":{"RayPerceptionSensor.Perceive":{"count":8463,"self":0.011883,"total":0.011883,"children":null}}}}}},"gauges":{"MummyRay.CumulativeReward":{"count":8467,"max":24.25899,"min":-3.01040173,"runningAverage":2.9976964,"value":-0.01139909,"weightedAverage":1.82081091}},"metadata":{"timer_format_version":"0.1.0","start_time_seconds":"1685069303","unity_version":"2022.2.19f1","command_line_arguments":"\/Applications\/Unity\/Hub\/Editor\/2022.2.19f1\/Unity.app\/Contents\/MacOS\/Unity -projectpath \/Users\/jaehyun\/Github\/Medici\/Mummy -useHub -hubIPC -cloudEnvironment production","communication_protocol_version":"1.5.0","com.unity.ml-agents_version":"2.3.0-exp.3","scene_name":"MummyRay","end_time_seconds":"1685070386"}}