{"count":1,"self":77.9937984,"total":78.040072999999992,"children":{"InitializeActuators":{"count":1,"self":0.0010069999999999999,"total":0.0010069999999999999,"children":null},"InitializeSensors":{"count":1,"self":0.00079999999999999993,"total":0.00079999999999999993,"children":null},"AgentSendState":{"count":3795,"self":0.011044,"total":0.017457,"children":{"CollectObservations":{"count":759,"self":0.002676,"total":0.002676,"children":null},"WriteActionMask":{"count":759,"self":0.00090299999999999994,"total":0.00090299999999999994,"children":null},"RequestDecision":{"count":759,"self":0.0028339999999999997,"total":0.0028339999999999997,"children":null}}},"DecideAction":{"count":3795,"self":0.012046,"total":0.012046,"children":null},"AgentAct":{"count":3795,"self":0.014450999999999999,"total":0.014450999999999999,"children":null}},"gauges":{},"metadata":{"timer_format_version":"0.1.0","start_time_seconds":"1684996489","unity_version":"2022.2.19f1","command_line_arguments":"\/Applications\/Unity\/Hub\/Editor\/2022.2.19f1\/Unity.app\/Contents\/MacOS\/Unity -projectpath \/Users\/jaehyun\/Github\/Medici\/Mummy -useHub -hubIPC -cloudEnvironment production","communication_protocol_version":"1.5.0","com.unity.ml-agents_version":"2.3.0-exp.3","scene_name":"SampleScene","end_time_seconds":"1684996567"}}